Subject,Experience Sampling Questions Response Time,GoNoGo Task Response Time,Go Task Accuracy,NoGo Task Accuracy,Finger Tapping Task Response Time,Finger Tapping Task Accuracy,Two-Back Task-faces Response Time,Two-Back Task-faces Accuracy,Two-Back Task-scenes Response Time,Two-Back Task-scenes Accuracy,One-Back Task Response Time,One-Back Task Accuracy,Zero-Back Task Response Time,Zero-Back Task Accuracy,Hard Math Task Response Time,Hard Math Task Accuracy,Easy Math Task Response Time,Easy Math Task Accuracy,Friend Task Response Time,Friend Task Sentiment,You Task Response Time,You Task Sentiment
017,3.957679869791769,1.0068063722220748,0.9230769230769231,0.8672566371681416,0.35688957846007097,1.0,1.1670996755523244,0.8888888888888888,1.1304930260875667,0.8913043478260869,1.2468878222247843,1.0,0.8834177727271295,1.0,2.275145920000505,0.94,1.821316471156024,1.0,1.2059910869562451,0.5652173913043478,0.9678900434789113,0.4852941176470588
018,4.281269951215007,0.9831338103700007,0.8,0.9416666666666667,1.316989826001809,0.84,1.372800691302552,0.5,0.973636929311083,0.7241379310344828,1.6368141500002822,0.9,0.9175676454535939,0.8181818181818182,2.3195171947366346,0.9824561403508771,1.9723523540992947,1.0,2.4858794842098417,0.6052631578947368,2.5567335818179178,0.4883720930232558
