Subject,Experience Sampling Questions Response Time,GoNoGo Task Response Time,GoNoGo Task Accuracy,Finger Tapping Task Response Time,Finger Tapping Task Accuracy,Two-Back Task Response Time,Two-Back Task Accuracy,One-Back Task Response Time,One-Back Task Accuracy,Zero-Back Task Response Time,Zero-Back Task Accuracy,Hard Math Task Response Time,Hard Math Task Accuracy,Easy Math Task Response Time,Easy Math Task Accuracy,Friend Task Response Time,Friend Task Sentiment,You Task Response Time,You Task Sentiment
RA1,6.351241911993238,1.0545502950819623,0.8114754098360656,nan,1.0,4.028070228571401,0.0,0.7451998181817213,1.0,0.5832577857143276,0.9285714285714286,2.2019493057692427,1.0,1.866718095454546,1.0,0.872905607843142,0.9215686274509803,0.8225082272726991,0.7272727272727273
RA2,3.7670104940878546,1.0116853984847942,0.5984848484848485,nan,0.94,4.028701352777767,0.0,1.3569823499999074,0.6,2.289247881818152,0.6363636363636364,2.098925381249984,0.9361702127659575,1.9934233314814778,0.9629629629629629,0.7637181480769274,0.75,0.7238969238093872,0.8095238095238095
RA3,4.472055232770275,0.9903343317073201,0.9186991869918699,nan,1.0,3.9312976341462207,0.0,1.4714444999999234,0.25,0.7325949999999672,1.0,2.4467220185186105,0.7037037037037037,2.0180813365079366,0.9841269841269841,1.1328315000000333,0.47619047619047616,1.1175157500000168,0.578125
RA4,1.5512521815878577,1.0499935107144114,0.23636363636363636,nan,1.0,4.029262758974512,0.0,0.7856024299999262,0.5,0.7242539181815201,0.9090909090909091,2.30442319230759,0.45098039215686275,2.130787048888831,0.41025641025641024,0.35787008545460347,0.4727272727272727,0.3615012296875335,0.5625
RA5,4.506001912668919,1.0215893406896563,0.8413793103448276,nan,1.0,4.028979621621491,0.0,1.8128101666667742,0.9166666666666666,1.4306749999999737,0.9,2.2506384285714245,0.7818181818181819,1.955557418965518,1.0,0.8288163600000007,0.92,0.9775833698630191,0.6575342465753424
